{"NutritionInfo": {"Cholesterol": 0.0, "TotalCarbsPct": 0.18374117647058824, "SatFat": 0.37264, "PotassiumPct": 0.6633684210526316, "MonoFat": 0.17536000000000002, "SodiumPct": 0.007558620689655173, "Sugar": 25.207998954772954, "Potassium": 2520.8, "TotalFat": 2.0824000000000003, "CholesterolPct": 0.0, "TotalFatPct": 0.027765333333333336, "DietaryFiber": 37.26400104522705, "SingularYieldUnit": "1 Serving (1096g)", "CaloriesFromFat": 19.0, "TransFat": 0.7014400000000003, "ProteinPct": 0.15813714285714287, "PolyFat": 0.8329599999999999, "TotalCarbs": 62.472, "TotalCalories": 263.0, "SatFatPct": 0.018632000000000003, "DietaryFiberPct": 1.4905600418090819, "Protein": 11.069600000000001, "Sodium": 21.92}, "Cuisine": "Indian", "Title": "Baigan Bharta (Mashed Eggplant)", "RecipeID": 26639, "PrimaryIngredient": "Vegetables", "Category": "Side Dish", "py/object": "RecipeModel.Recipe", "Subcategory": "Vegetables", "Ingredients": [{"MetricUnit": "md", "Name": "Eggplants", "Unit": "md", "MetricQuantity": 2.0, "IngredientID": 257891, "Quantity": 2.0, "py/object": "RecipeModel.Ingredients"}]}