{"NutritionInfo": {"Cholesterol": 0.0, "TotalCarbsPct": 0.04346808529411764, "SatFat": 4.1398797, "PotassiumPct": 0.06722013157894736, "MonoFat": 12.350015699999998, "SodiumPct": 0.0024943448275862065, "Sugar": 13.422848999999996, "Potassium": 255.43649999999997, "TotalFat": 20.954835, "CholesterolPct": 0.0, "TotalFatPct": 0.2793978, "DietaryFiber": 1.3563, "SingularYieldUnit": "1 Serving (45g)", "CaloriesFromFat": 189.0, "TransFat": 0.9222840000000012, "ProteinPct": 0.09888072857142857, "PolyFat": 3.5426555999999993, "TotalCarbs": 14.779148999999997, "TotalCalories": 260.0, "SatFatPct": 0.206993985, "DietaryFiberPct": 0.054252, "Protein": 6.921651, "Sodium": 7.233599999999999}, "Cuisine": "Indian", "Title": "Cashew Paste", "RecipeID": 149152, "PrimaryIngredient": "", "Category": "Side Dish", "py/object": "RecipeModel.Recipe", "Subcategory": "Sauces", "Ingredients": [{"MetricUnit": "ml", "Name": "Unsalted cashews", "Unit": "c", "MetricQuantity": 79.0, "IngredientID": 1495812, "Quantity": 0.333333333333333, "py/object": "RecipeModel.Ingredients"}]}