{"Title": "Daal makhani", "Subcategory": "Slow Cooker", "py/object": "RecipeModel.Recipe", "Cuisine": "Indian", "Ingredients": [{"py/object": "RecipeModel.Ingredients", "Quantity": 4.0, "Name": "Tomatoes", "Unit": "whole", "MetricQuantity": 4.0, "IngredientID": 12771844, "MetricUnit": "whole"}], "PrimaryIngredient": "Whole urad", "Category": "Main Dish", "NutritionInfo": {"TotalFat": 0.12300000000000001, "SingularYieldUnit": "1 Serving (62g)", "DietaryFiberPct": 0.02952000117301941, "TotalCarbs": 2.4108, "TotalCalories": 11.0, "DietaryFiber": 0.7380000293254853, "TotalCarbsPct": 0.007090588235294118, "Potassium": 145.755, "SatFat": 0.01722, "Cholesterol": 0.0, "TotalFatPct": 0.0016400000000000002, "SodiumPct": 0.001060344827586207, "CholesterolPct": 0.0, "ProteinPct": 0.007731428571428571, "TransFat": 0.03567000000000001, "Sugar": 1.672799970674515, "CaloriesFromFat": 1.0, "PolyFat": 0.05104500000000001, "Sodium": 3.075, "SatFatPct": 0.000861, "Protein": 0.5412, "MonoFat": 0.019065000000000002, "PotassiumPct": 0.03835657894736842}, "RecipeID": 1225992}