{"NutritionInfo": {"Cholesterol": 325.07453154666666, "TotalCarbsPct": 0.00026681904094117646, "SatFat": 77.66710947204267, "PotassiumPct": 0.009549313044210526, "MonoFat": 31.783217337872, "SodiumPct": 0.3003094309075862, "Sugar": 0.09071847392, "Potassium": 36.287389568, "TotalFat": 122.63625699418668, "CholesterolPct": 1.0002293278358974, "TotalFatPct": 1.6351500932558225, "DietaryFiber": 0.0, "SingularYieldUnit": "1 Serving (151g)", "CaloriesFromFat": 1084.0, "TransFat": 8.584991581962683, "ProteinPct": 0.018359691150476188, "PolyFat": 4.600938602309333, "TotalCarbs": 0.09071847392, "TotalCalories": 1084.0, "SatFatPct": 3.8833554736021334, "DietaryFiberPct": 0.0, "Protein": 1.2851783805333332, "Sodium": 870.897349632}, "Cuisine": "Indian", "Title": "Ghee", "RecipeID": 90437, "PrimaryIngredient": "", "Category": "Other", "py/object": "RecipeModel.Recipe", "Subcategory": "Other - Misc", "Ingredients": [{"MetricUnit": "kg", "Name": "Butter", "Unit": "lb", "MetricQuantity": 0.90718474, "IngredientID": 876166, "Quantity": 2.0, "py/object": "RecipeModel.Ingredients"}]}