{"NutritionInfo": {"Cholesterol": 642.1333333333333, "TotalCarbsPct": 0.0005270588235294117, "SatFat": 153.41909333333334, "PotassiumPct": 0.01886315789473684, "MonoFat": 62.78271999999999, "SodiumPct": 0.011328735632183907, "Sugar": 0.1792, "Potassium": 71.67999999999999, "TotalFat": 242.2485333333333, "CholesterolPct": 1.9757948717948717, "TotalFatPct": 3.229980444444444, "DietaryFiber": 0.0, "SingularYieldUnit": "1 Cup (299g)", "CaloriesFromFat": 2141.0, "TransFat": 16.95829333333333, "ProteinPct": 0.03626666666666667, "PolyFat": 9.088426666666669, "TotalCarbs": 0.1792, "TotalCalories": 2141.0, "SatFatPct": 7.670954666666667, "DietaryFiberPct": 0.0, "Protein": 2.538666666666667, "Sodium": 32.85333333333333}, "Cuisine": "Indian", "Title": "Ghee (Indian Butter Oil)", "RecipeID": 90439, "PrimaryIngredient": "", "Category": "Other", "py/object": "RecipeModel.Recipe", "Subcategory": "Other - Misc", "Ingredients": [{"MetricUnit": "kg", "Name": "Butter, unsalted", "Unit": "lb", "MetricQuantity": 0.90718474, "IngredientID": 876168, "Quantity": 2.0, "py/object": "RecipeModel.Ingredients"}]}