{"NutritionInfo": {"Cholesterol": 481.6214313909192, "TotalCarbsPct": 0.0003953117083919994, "SatFat": 115.0694404078546, "PotassiumPct": 0.014147997984555767, "MonoFat": 47.08913539194658, "SodiumPct": 0.008496929824057918, "Sugar": 0.1344059808532798, "Potassium": 53.762392341311916, "TotalFat": 181.6944851168254, "CholesterolPct": 1.4819120965874437, "TotalFatPct": 2.4225931348910055, "DietaryFiber": 0.0, "SingularYieldUnit": "1 Serving (224g)", "CaloriesFromFat": 1606.0, "TransFat": 12.719285988082063, "ProteinPct": 0.027201210410782814, "PolyFat": 6.816623328942174, "TotalCarbs": 0.1344059808532798, "TotalCalories": 1606.0, "SatFatPct": 5.75347202039273, "DietaryFiberPct": 0.0, "Protein": 1.904084728754797, "Sodium": 24.64109648976796}, "Cuisine": "Indian", "Title": "Ghee - Clarified Butter", "RecipeID": 90440, "PrimaryIngredient": "", "Category": "Marinades and Sauces", "py/object": "RecipeModel.Recipe", "Subcategory": "Sauce", "Ingredients": [{"MetricUnit": "kg", "Name": "Unsalted butter", "Unit": "lb", "MetricQuantity": 1.36077711, "IngredientID": 876169, "Quantity": 3.0, "py/object": "RecipeModel.Ingredients"}]}