{"Title": "Ghee", "Subcategory": "Other - Misc", "py/object": "RecipeModel.Recipe", "Cuisine": "Indian", "Ingredients": [{"py/object": "RecipeModel.Ingredients", "Quantity": 2.0, "Name": "Butter", "Unit": "lb", "MetricQuantity": 0.90718474, "IngredientID": 876167, "MetricUnit": "kg"}], "PrimaryIngredient": "", "Category": "Other", "NutritionInfo": {"TotalFat": 122.63625699418668, "SingularYieldUnit": "1 Serving (151g)", "DietaryFiberPct": 0.0, "TotalCarbs": 0.09071847392, "TotalCalories": 1084.0, "DietaryFiber": 0.0, "TotalCarbsPct": 0.00026681904094117646, "Potassium": 36.287389568, "SatFat": 77.66710947204267, "Cholesterol": 325.07453154666666, "TotalFatPct": 1.6351500932558225, "SodiumPct": 0.3003094309075862, "CholesterolPct": 1.0002293278358974, "ProteinPct": 0.018359691150476188, "TransFat": 8.584991581962683, "Sugar": 0.09071847392, "CaloriesFromFat": 1084.0, "PolyFat": 4.600938602309333, "Sodium": 870.897349632, "SatFatPct": 3.8833554736021334, "Protein": 1.2851783805333332, "MonoFat": 31.783217337872, "PotassiumPct": 0.009549313044210526}, "RecipeID": 90438}