{"NutritionInfo": {"Cholesterol": 163.03000020773152, "TotalCarbsPct": 0.009765000012442484, "SatFat": 27.408080034923156, "PotassiumPct": 0.023486842135189905, "MonoFat": 12.716340016203057, "SodiumPct": 0.01559310346814447, "Sugar": 3.3201000042304445, "Potassium": 89.25000011372164, "TotalFat": 44.03000005610267, "CholesterolPct": 0.5016307698699431, "TotalFatPct": 0.5870666674147023, "DietaryFiber": 0.0, "SingularYieldUnit": "1 Serving (119g)", "CaloriesFromFat": 396.0, "TransFat": 2.2705200028930825, "ProteinPct": 0.03485000004440559, "PolyFat": 1.6350600020833803, "TotalCarbs": 3.3201000042304445, "TotalCalories": 411.0, "SatFatPct": 1.3704040017461578, "DietaryFiberPct": 0.0, "Protein": 2.439500003108391, "Sodium": 45.22000005761896}, "Cuisine": "Indian", "Title": "Nariyal Ka Ladoo", "RecipeID": 1958212, "PrimaryIngredient": "Milk", "Category": "Side Dish", "py/object": "RecipeModel.Recipe", "Subcategory": "Side Dish - Other", "Ingredients": [{"MetricUnit": "ml", "Name": "Heavy cream", "Unit": "cup", "MetricQuantity": 237.0, "IngredientID": 20173041, "Quantity": 1.0, "py/object": "RecipeModel.Ingredients"}]}