{"NutritionInfo": {"Cholesterol": 12.21200001556043, "TotalCarbsPct": 1.0023529424536605e-05, "SatFat": 2.917702403717713, "PotassiumPct": 0.0003587368425623627, "MonoFat": 1.1939928015213759, "SodiumPct": 0.011281655186788786, "Sugar": 0.0034080000043424457, "Potassium": 1.3632000017369783, "TotalFat": 4.607048005870262, "CholesterolPct": 0.03757538466326286, "TotalFatPct": 0.06142730674493683, "DietaryFiber": 0.0, "SingularYieldUnit": "1 Serving (6g)", "CaloriesFromFat": 41.0, "TransFat": 0.32251040041093937, "ProteinPct": 0.000689714286593114, "PolyFat": 0.17284240022023437, "TotalCarbs": 0.0034080000043424457, "TotalCalories": 41.0, "SatFatPct": 0.14588512018588565, "DietaryFiberPct": 0.0, "Protein": 0.048280000061517975, "Sodium": 32.71680004168748}, "Cuisine": "Indian", "Title": "Pancakes star", "RecipeID": 501990, "PrimaryIngredient": "All purpose Fluor", "Category": "Breakfast", "py/object": "RecipeModel.Recipe", "Subcategory": "Pancakes", "Ingredients": [{"MetricUnit": "Cups", "Name": "Butter", "Unit": "Cups", "MetricQuantity": 0.25, "IngredientID": 4984715, "Quantity": 0.25, "py/object": "RecipeModel.Ingredients"}]}