{"NutritionInfo": {"Cholesterol": 0.0, "TotalCarbsPct": 0.08563725490196078, "SatFat": 0.043333333333333335, "PotassiumPct": 0.18464912280701753, "MonoFat": 0.0033333333333333335, "SodiumPct": 0.0034482758620689655, "Sugar": 25.449999920527137, "Potassium": 701.6666666666666, "TotalFat": 0.15, "CholesterolPct": 0.0, "TotalFatPct": 0.002, "DietaryFiber": 3.6666667461395264, "SingularYieldUnit": "1 Serving (167g)", "CaloriesFromFat": 1.0, "TransFat": 0.03166666666666666, "ProteinPct": 0.048095238095238094, "PolyFat": 0.07166666666666667, "TotalCarbs": 29.116666666666664, "TotalCalories": 128.0, "SatFatPct": 0.0021666666666666666, "DietaryFiberPct": 0.14666666984558105, "Protein": 3.3666666666666667, "Sodium": 10.0}, "Cuisine": "Indian", "Title": "Potato Fry", "RecipeID": 1878682, "PrimaryIngredient": "Potato", "Category": "Main Dish", "py/object": "RecipeModel.Recipe", "Subcategory": "Stir-Fries", "Ingredients": [{"MetricUnit": "Kg", "Name": "Potato", "Unit": "Kg", "MetricQuantity": 0.5, "IngredientID": 19347463, "Quantity": 0.5, "py/object": "RecipeModel.Ingredients"}]}