{"Title": "Tender Pumpkin in Coconut Sauce[Olan]", "Subcategory": "Main Dish - Other", "py/object": "RecipeModel.Recipe", "Cuisine": "Indian", "Ingredients": [{"py/object": "RecipeModel.Ingredients", "Quantity": 1.0, "Name": null, "Unit": null, "MetricQuantity": 0.0, "IngredientID": 4036407, "MetricUnit": ""}], "PrimaryIngredient": "Pumpkin", "Category": "Main Dish", "NutritionInfo": {"TotalFat": 0.348, "SingularYieldUnit": "1 Serving (116g)", "DietaryFiberPct": 0.1299199977874756, "TotalCarbs": 10.811200000000001, "TotalCalories": 34.0, "DietaryFiber": 3.2479999446868897, "TotalCarbsPct": 0.031797647058823535, "Potassium": 160.08, "SatFat": 0.04524, "Cholesterol": 0.0, "TotalFatPct": 0.00464, "SodiumPct": 0.0007999999999999999, "CholesterolPct": 0.0, "ProteinPct": 0.018228571428571427, "TransFat": 0.18675999999999998, "Sugar": 7.563200055313112, "CaloriesFromFat": 3.0, "PolyFat": 0.10324, "Sodium": 2.32, "SatFatPct": 0.002262, "Protein": 1.276, "MonoFat": 0.01276, "PotassiumPct": 0.042126315789473685}, "RecipeID": 405426}